hash_name,transcription,age,gender,first_language,socioeconomic_bkgd,ethnicity,audio_dur,model_transcription
b473df3459cbdb3a6f52aeb8fc4ffa04,hey facebook share the video to my father,23 - 30,female,English,Low,"Asian, South Asian or Asian American",,hey Facebook shared a video to my father
9354446bd6fd89b0d21fbf40d9207514,hi dear i am very much frustrated about these screens and like i am having like bugs problem in my house but it is not getting done like soon and my kids also having trouble with this so please get it done as soon as possible thank you and the other way is i am really frustrated how slow your maintenance procedure is i am sending through email messages and all and i am not getting any solution for it thank you,31 - 45,female,Urdu,Low,"Asian, South Asian or Asian American",40.4263125,hi there I am very much frustrated about these screens and like uh I am having like bugs problem in my house but it is not getting done like soon and my kids also having trouble with this so please get it done as soon as possible thank you and the other way is I am really frustrated how slow your maintenance procedure is I am sending you email messages and all and I am not getting any solution for it thank you
646476ccb1600967617ac069225bd38d,hi love i was just talking to my friend and we were just discussing random things and she just mentioned the fact that it is impossible for most people to touch their elbows with their tongue and i found it so funny let's try it with the kids tonight and see if any of us can touch our elbows with our tongue bye,31 - 45,female,Hindi,Affluent,"Asian, South Asian or Asian American",33.407625,hi love I was just um talking to my friend and uh we were just discussing random things and she just mentioned the fact that it is impossible for most people to touch their elbows with their tongue um and I found it so funny let's try it with the kids tonight and see if any of us can touch our elbows with our tongue by
54f999c8833022f986e79c51a085592f,reply back to george the second saying hey random fact there is no way that baby whales consume two hundred liters of milk a day finish text message send,31 - 45,male,English,Low,"Hispanic, Latino, or Spanish",29.247625,reply back to George II saying hey random fact there is no way that baby whales consume 200 liters of milk a day finish text message send
1485f39500388c731f2f432884e7e6db,hi you just called me and i was really shocked that you lost your pet yesterday and it was my favorite too and he was very very sweet i understand how much you'll be feeling bad today just just take some time and everything will be ok,31 - 45,female,Urdu,Low,"Asian, South Asian or Asian American",28.821,hi uh you just called me and I was really shocked that you lost your pet yesterday and it was my favorite too and he was very very sweet I understand how much you will be feeling bad today just just take some time and everything will be okay
e2c871fffed7fa134dc0cfa5c30e8f4f,hi monica how have you been hey i was thinking of catching a movie this weekend with you um message me back uh if you have some time uh on hand this weekend let's see if we can figure it out bye,31 - 45,female,Hindi,Affluent,"Asian, South Asian or Asian American",24.6183125,hi Monica how have you been hey I was thinking of catching a movie this weekend with you um message me back uh if you have some time uh on hand this weekend let's see if we can figure it out bye
11ca4c562b728a89242e3a75fc0ba4c7,hello all i will start my topic here and i will be fast because i have only five minutes to finish all the important points so get ready with pen and a paper so that you can write down all the important points here thank you,31 - 45,female,Urdu,Low,"Asian, South Asian or Asian American",23.125,hello all I will start my topic here and I will be fast because I have only 5 minutes to finish all the important points so get ready with the pen and paper so that you can write down all the important points here thank you
675845c14ccd6e19b1e00850b22aed87,hey wanted to confirm with you that uh based on our earlier discussion i will be joining you for the wedding of a common friend at the local church see you on saturday at nine at my place we both shall go together or i can come and give you a ride and pick you up from your place,46 - 65,male,Urdu,Affluent,"Asian, South Asian or Asian American",21.781,hey wanted to confirm with you that uh based on our earlier discussion I will be joining you for the wedding of a common friend at the local church see you on Saturday at 9 at my place we both shall go together or I can come and give you a ride and pick you up from your place
02cf0fd41613b1de96e1902f90e8d1eb,hi x i heard about that you lost your elder sibling a month ago i i am so sorry about your loss and i hope he will rest in peace just let me know if you want me with anything,31 - 45,female,Urdu,Low,"Asian, South Asian or Asian American",21.3543125,hi X I heard about that you lost your Elder sibling a month ago I I am so sorry about your loss and I hope he will rest in peace just let me know if you want me with anything
01c53b0607f9be1521d8e715848722dc,learning new skills have been something i always like to have or like to admire to have it's been so fun for me learning cloud computing and cybersecurity i can't wait to share the knowledge with you guys,31 - 45,male,English,Medium,Black or African American,20.2,learning new skills have been something I always like to have or like to admire to have it's been so fun for me learning cloud computing and cyber security I can't wait to share the knowledge with you guys
eb7941dde4f883c899f0b6dbc626a342,hey facebook text tina on messenger saying let's meet for drinks my treat i just became an aunt it's so surreal i'm so happy reply bye,31 - 45,female,Hindi,Affluent,"Asian, South Asian or Asian American",20.1383125,hey Facebook text Tina on messenger saying let's meet for drinks my treat I just became an aunt it is so surreal I am so happy reply bye
6b36165c00a28c2ec2b3b6f32c1650a1,just  wanted to let you know that i had some errands come up and i'm running late for our meeting but i'll sure join you a bit later maybe thirty or forty-five minutes later from a prior scheduled time hope to see you soon thank you,46 - 65,male,Urdu,Affluent,"Asian, South Asian or Asian American",19.711625,just wanted to let you know that I had some errands come up and I'm running late for our meeting but I'll share join you a bit later maybe 30 or 45 minutes later from our prior scheduled time hope to see you soon thank you
74df566ac2570b70a0efe9e48c939685,hey millie i got your voice message um i understand and i've heard you and i will think about what you have said ok take care,31 - 45,female,English,Low,Black or African American,19.455625,hey Millie I got your voice message um I understand and I've heard you and I will think about what you have said okay take care
9c6276ba9bb1e49b45909fc93296591f,hi x many many happy returns of the day and you'll get all your dreams come true this year and i wish you all the very best in your future endeavors also enjoy your day today,31 - 45,female,Urdu,Low,"Asian, South Asian or Asian American",19.327625,hi X many many happy returns of the day and you will get all your dreams come true this year and I wish you all the very best in your future endeavors also enjoy your day today
0a3a603be58bb1aa34817dcab7897399,hey family member this is to confirm that i'll be picking you up from the chinese restaurant next to kroger a mile from my house on lawrenceville highway and beaver ruin road around two pm today,46 - 65,male,Urdu,Affluent,"Asian, South Asian or Asian American",19.3063125,hey family member this is to confirm that I will be picking you up from the Chinese restaurant next to Kroger a mile from my house on Lawrenceville Highway and Beaver Ruin Road around 2:00 p.m. today
28ff78c5a1e6145c95e8ad56c5b5953c,hey facebook text dad hi dad how you doing i saw your message earlier according to your text message yes i will be coming on saturday to see you and mom tell mom i will be coming i will see you guys bye,31 - 45,female,English,Medium,Black or African American,19.16,hey Facebook text that hi Dad how you doing I saw your message earlier uh according to your text message yes I I'll be coming on Saturday to see you and Mom tell Mom I'll be coming I'll see you guys bye
8d8d25f31d25149097da55a79ee029a1,hi i just want to call and let you know that i can't make it to dinner tonight but hopefully you know if ok with you howard going to lunch tomorrow thank you just call me and let me know soon alright,46 - 65,male,Urdu,Affluent,"Asian, South Asian or Asian American",18.9223125,hi I just want to call and let you know that uh I can't make it to dinner tonight but hopefully you know if okay with you how about going to lunch tomorrow thank you just call me and let me know soon all right
6db66c1f5c089560fe8b06b670509525,who is singing this song right now what is playing right now who sings this particular song what is playing right now,18 - 22,male,English,Low,"Native American, American Indian, or Alaska Native",18.68,who is singing the song right now what is playing right now who sings this particular song what is playing right now
5f1634a6af2e6effbb74025df8e12397,i just wanted to let you know that i won't be able to meet you as per earlier plans this evening i have some urgent engagements that i have to attend to and i'm very sorry for not being able to do this but hopefully we'll make it up to you sometime later thanks,46 - 65,male,Urdu,Affluent,"Asian, South Asian or Asian American",18.559625,I just wanted to let you know that uh I won't be able to meet you as per our earlier plans this evening I have some urgent engagements that I have to attend to and I'm very sorry for not being able to do this but hopefully we'll make it up to you sometime later thanks
89e4bc6279904eccd599113edb34862b,hey monica it's been a while i'm just checking to see if you have some time this weekend let's get together um maybe go to a go to the park for a little walk uh let's catch up bye,31 - 45,female,Hindi,Affluent,"Asian, South Asian or Asian American",18.2823125,hey Monica it's been a while I'm just checking to see if you have some time this weekend let's get together um maybe go to a go to the park for a little walk uh let's catch up by
2b3501f8e0cc80121812109c02dd0d92,hi my first name is x and last name is y i would like to talk Mr z regarding the bill i received yesterday for my medical insurance,31 - 45,female,Urdu,Low,"Asian, South Asian or Asian American",18.047625,hi my name is first name is X and last name is by I would like to talk Mr Z regarding the bill I received yesterday for my medical insurance
edd97f7aa38d49a472cb3049c38c62ea,hi ex i hope you will enjoy the festival of light this year very well with your family i hope you enjoy your fireworks and have a prosperous diwali this year,31 - 45,female,Urdu,Low,"Asian, South Asian or Asian American",17.279625,hi X I hope you will enjoy the festival of light this year very well with your family I hope you enjoy your fireworks and have a prosperous Diwali this year
a960b5a3ffd7535a28927f514573fd49,reply by text to britney saying i just brought us the tickets for skydiving we are going to do this this is so crazy hit back to me asap,31 - 45,female,Hindi,Affluent,"Asian, South Asian or Asian American",17.109,reply by text to Brittany saying I just bought us the tickets for skydiving we are going to do this this is so crazy get back to me ASAP
04c5d9a1d462936858f6c454f9c2a1b9,hi family member this is to confirm that i'll be picking you up from the doctor's office as soon as your appointment ends on mountain industrial boulevard and lawrenceville highway around one pm this afternoon,46 - 65,male,Urdu,Affluent,"Asian, South Asian or Asian American",16.831625,Hi family member this is to confirm that I will be picking you up from the doctor's office as soon as your appointment ends on Mountain Industrial Boulevard and Lawrenceville Highway around 1:00 p.m. this afternoon
cbfa9c225bef33fec752dbf23ebec292,hi x we went to grand canyon yesterday and it was a beautiful weather and beautiful day so i missed you a lot i wish you can be there with me,31 - 45,female,Urdu,Low,"Asian, South Asian or Asian American",16.831625,hi X we went to Grand Canyon yesterday and it was a beautiful weather and beautiful day so I missed you a lot I wish you can be there with me
7dbeee99c517866b178270ad2cc639c4,hey facebook on my tablet i open the google photo apps i sign in to the google account i tap on all the photo i want to move to the trash at the top i tap delete,31 - 45,female,English,Low,Black or African American,16.4,a Facebook on my tablet I'll open the Google photo apps I sign into the Google account I tap and hold the photo I want to move to the trash at the top I tap delete
4d7257e180654cb89dc53ce0fe840c13,hey hex is saying that he got a new job there oh this is such a really nice news i would love to talk to him very soon,31 - 45,female,Urdu,Low,"Asian, South Asian or Asian American",16.255625,hey hex is saying that he got a new job there oh this is such a really nice news I would love to talk to him very soon
d717b49484691712837bfc2d6ca256a0,hi x a very very happy birthday to you i wish i can be there with you for your special day but i have a urgent meeting today i hope you will enjoy your day,31 - 45,female,Urdu,Low,"Asian, South Asian or Asian American",15.893,hi it's a very very happy birthday to you I wish I can be there with you for your special day but I have a urgent meeting today I hope you will enjoy your day
19d046cb0c2d26f022fa98489a56470c,hi ex a very very happy birthday to you and many many happy returns of the day i hope you will enjoy this day and you will have a good yummy cake,31 - 45,female,Urdu,Low,"Asian, South Asian or Asian American",15.871625,hi x a very very happy birthday to you and many many happy returns of the day I hope you will enjoy this day and you will have a good yummy cake
b898059212db21d8c1706a6ee09b32c7,hey comma i was just thinking about you period i thought i should send you a message period i hope you are doing well exclamation mark,23 - 30,female,English,Low,"Native American, American Indian, or Alaska Native",15.743625,hey Karma I was just thinking about you period I thought I should send you a message period I hope you are doing well exclamation mark
41249a2a1abf6f2e01d46b80cef5fb2f,hey facebook message tina on messenger saying what are you wearing to the party on saturday help me,31 - 45,female,Hindi,Affluent,"Asian, South Asian or Asian American",15.445,hey Facebook message Tina on messenger saying what are you wearing to the party on Saturday help me
4ea1b0473ba6e0dd0c82b5bd49d777c9,message tina saying we should meet asap i just heard something about britney reply as you get this,31 - 45,female,Hindi,Affluent,"Asian, South Asian or Asian American",14.8903125,message Tina saying we should meet ASAP I just heard something about Britney reply as you get this
1c80e7de83679fe01a222d007ebcc3d6,text jeremy do you know why the chicken crossed the road the answer is to be my other side chick,31 - 45,male,English,Low,"Native American, American Indian, or Alaska Native",14.72,text Jeremy do you know why the chicken crossed the road the answer is to be my other side chick
d421882b8e88e6599520eae03115d3fc,hey monica it would be wonderful if you can send all the details about the cake and the cupcakes on the group text thanks,31 - 45,female,Hindi,Affluent,"Asian, South Asian or Asian American",14.677,hey Monica it would be wonderful if you can send all the details about the cake and the cupcakes on the group text thanks
e8f9d7092e2a91a73548a6644cfcf48c,text amy back and tell her that any time after six pm is good should we meet at the park or at the movies,23 - 30,female,English,Low,"Asian, South Asian or Asian American",14.32,text Amy back and tell her that anytime after 6:00 p.m. is good should we meet by the park or at the movies
3e86380e7f3895b0f5ba65844d534826,hey facebook send a message on messenger to the babes group what should be the theme for the party,31 - 45,female,Hindi,Affluent,"Asian, South Asian or Asian American",14.143625,hey Facebook send a message on messenger to the babes group what should be the theme for the party
df89ad050c0e77d42791d9595c82a2cb,hey i just wanted to let you know that i had a flat tire and i had to fix you know my tire and make some repairs so i am running about thirty to forty minutes late but i will see you soon,46 - 65,male,Urdu,Affluent,"Asian, South Asian or Asian American",13.951625,hey I just wanted to let you know that I had a flat tire and I had to fix uh you know my tire and make some repairs so I'm running about 30 to 40 minutes late but I will see you soon
4af0af2d29cab8e0c015f53cc392b2fb,hey facebook increase alexa's volume by forty percent,31 - 45,female,Hindi,Affluent,"Asian, South Asian or Asian American",13.567625,hey Facebook increase Alexa's volume by 40%
db25601d5fa463722b490736d27f8f58,hey facebook share my video i shot yesterday to close friends only on instagram,46 - 65,female,English,Medium,Black or African American,13.311625,hey Facebook share my video I shot yesterday too close friends only on Instagram
d01cf8b77517ce9d8efbeebe29634525,for unmute my smartwatch i did silent mode off and for mute i did silent mode on that is my preferred way,31 - 45,female,Urdu,Low,"Asian, South Asian or Asian American",13.183625,for a new my smart watch I did silent mode of and for mute I did silent mode on that is my preferred way
47ecf46fbba2fcc6adae18f77a64ae9a,to mute my smartwatch i just shut it down and for unmute i switch it on back,31 - 45,female,Urdu,Low,"Asian, South Asian or Asian American",13.141,to mute my SmartWatch I just shut it down and for unmute I switch it on back
be5e0a64e453c73391b6045a025f33c8,hey facebook increase the volume on google home by two points,31 - 45,female,Hindi,Affluent,"Asian, South Asian or Asian American",13.0983125,hey Facebook increase the volume on Google home by 2 points
0c248ff8b4b4a5b8e77fcb607347c9f1,hey you all i'm just planning to go to a chinese restaurant this evening so i'm just wondering that if you guys are interested in it,31 - 45,female,Urdu,Low,"Asian, South Asian or Asian American",12.0743125,here you all I am just planning to go to a Chinese restaurant this evening so I am just wondering that if you guys are interested in it
43319b1b1b635df532911aea051a0eeb,hi ex i'm missing you these days a lot when i'm alone i wish you'll be here when i need you,31 - 45,female,Urdu,Low,"Asian, South Asian or Asian American",11.8183125,hi X I am missing you these days a lot when I am alone I wish you will be here when I need you
4c40640da10a32e7ad3dcac03ff8bac8,this topic ends here and we all will meet with a new topic soon thank you and have a good day,31 - 45,female,Urdu,Low,"Asian, South Asian or Asian American",11.797,this topic ends here and we all will meet with a new topic soon thank you and have a good day
ef8048eede9ffb3a16a7e8fc8f4ea83f,hi x a very very happy diwali to you and your family and i wish you will get prosperous diwali this year,31 - 45,female,Urdu,Low,"Asian, South Asian or Asian American",11.775625,hi x a very very happy Diwali to you and your family and I wish you will get prosperous Diwali this year
47e8f49921b8f2e9f04b8d6fcd86cdca,hey facebook share my latest video to my close friends only on my instagram story did it post thank you,23 - 30,female,English,Low,"Native American, American Indian, or Alaska Native",11.72,hey Facebook share my latest video to my close friends only on my Instagram story did a post thank you
dadc2e9e34805a1e68ee7d79be331675,hello everybody how was your day today let's start this session about the wellness of our health,31 - 45,female,Urdu,Low,"Asian, South Asian or Asian American",11.711625,hello everybody how's your day today let's start this session about the wellness of our health
0938c13b8a1f89ccddab7e9d9d0e26f5,hey facebook respond to incoming text message with i'll get back to you later thanks,46 - 65,male,Urdu,Affluent,"Asian, South Asian or Asian American",11.647625,hey Facebook respond to incoming text message with our get back to you later thanks
07ee16626c1d6a312256a048e066da8a,hey facebook are you able to mute my notifications for me,31 - 45,female,Hindi,Affluent,"Asian, South Asian or Asian American",11.605,hey Facebook are you able to mute my notifications for me
a8789bc864ce57efb65aac9c15d80054,hey facebook text emily back saying we will be at the party,46 - 65,male,English,Low,White,11.6,hey Facebook text Emily back saying we will be at the party
de0813513fc78f1ee252a4214e23cf94,hi ex i missed you a lot at the dinner time yesterday because i cooked pasta and i know you love it a lot,31 - 45,female,Urdu,Low,"Asian, South Asian or Asian American",11.285,IX I missed you a lot at the dinner time yesterday because I cooked pasta and I know you love it a lot
49d135934af4073446d1c6c22f803ef2,send message to janet happy birthday exclamation mark send,31 - 45,female,English,Low,"Native American, American Indian, or Alaska Native",11.28,send message to Janet happy birthday exclamation mark send
4ba9fe88416ddcaa0989047bd3b1548b,text jane hey did you hear that amber is pregnant with twins exclamation point question mark exclamation point question mark,31 - 45,female,English,Low,White,11.16,text Jane hey did you hear that Amber is pregnant with twins exclamation point question mark exclamation point question mark
2e30fa2914c0b7006b6e1aa5763287ef,me and ellen are going to meet for coffee would you like to join us if you'd like to join us text me back,46 - 65,male,English,Medium,Black or African American,11.1143125,me and Ellen are going to uh meet for coffee would you like to join us if you'd like to join this text me back
51a7457621887890fe98bc0f58da0b72,hello all i hope you are doing very well today we are just meeting today because of this new report,31 - 45,female,Urdu,Low,"Asian, South Asian or Asian American",10.6663125,hello all I hope you are doing very well today we are just meeting today because of this new report
bfd84187ca2e1f6af277ae1e585e81b5,send message to aria i'm sorry i won't be able to collect this i'm only doing my job,18 - 22,male,Hindi,Low,"Asian, South Asian or Asian American",10.52,send message to Arya I'm sorry I won't be able to collect this I'm holding doing my job
2219fe903796f0dca1c62ecd823812ee,hey facebook open messenger app and send kiana loui and kim a message to meet lunch at eleven thirty at the avalon,31 - 45,female,English,Affluent,"Asian, South Asian or Asian American",10.495625,hey Facebook open messenger app and send Cana Louie and Kim a message to meet lunch at 11:30 at the Avalon
dd8d7d67c2da6854edddea75bd41a36b,hey could you please find my personal playlist in personal folder named my favorite playlist,31 - 45,female,Urdu,Low,"Asian, South Asian or Asian American",10.431625,hey could you please find my personal playlist in personal folder named my favorite playlist
48606d3ca0f404185daa20e24e8aa048,send text message to dad to pick something up for me because i'm running late and my hands are busy so,31 - 45,female,English,Low,Native Hawaiian or Other Pacific Islander,10.24,send text message to dad to pick something up for me because I'm running late and my hands are busy so
a828829cb281286d0f253f0c2f7bdaa9,send message to chitu i won't be able to collect this i have a camera here looking at me,18 - 22,male,Hindi,Low,"Asian, South Asian or Asian American",10.08,send message through ch2 I won't be able to collect this I have a camera here looking at me
a8e054414f1cd42d929a3857f6b2db16,hi roommates please get the water while coming from the store please help me to get the water do not forget,31 - 45,male,English,Medium,Black or African American,10.069,hi roommates please get the water while coming from the store please help me to get the water do not forget
4ee0bcc7e233cc1075b59e36ad98e291,hey i would love to listen a song sing by neha kakkar on apple music,31 - 45,female,Urdu,Low,"Asian, South Asian or Asian American",10.047625,hey I would love to listen a song sing by Niha kakkar on Apple music
f3beb1b689488ad6ed298e27f5a5613a,hey just wanted to make sure you know that i'm on my way to be meeting you just in a few minutes from now okay eta is three pm,46 - 65,male,Urdu,Affluent,"Asian, South Asian or Asian American",9.983625,hey just wanted to make sure you know that I'm on my way to be meeting you just in a few minutes from now okay ETA is 3 p.m.
8741047f1129e9d7326d769300bd9714,message babe doing laundry i thought of you,31 - 45,female,English,Low,Native Hawaiian or Other Pacific Islander,9.96,message babe doing laundry I thought of you
8ebdead47a6da8b224ac880979fc33fd,hey facebook call mom on whatsapp,31 - 45,female,Hindi,Affluent,"Asian, South Asian or Asian American",9.941,hey Facebook call Mom on WhatsApp
4df3192daec80c0660e1f227da085c18,play songs from the hindi movie ek duuje ke liye,31 - 45,female,Hindi,Affluent,"Asian, South Asian or Asian American",9.941,play songs from the Hindi movie
46e68267cad7a5be39ba38ab9d9749bb,hey facebook cut off the incoming text from group of friends on the messenger app,31 - 45,male,English,Low,Black or African American,9.791625,hey Facebook cut off the incoming text from a group of friends on the messenger app
e86ebd711721616e05a609d7e7bb1432,you can send a text message with the keyboard form about the fact you just learned,23 - 30,male,English,Low,"Native American, American Indian, or Alaska Native",9.72875,you can send a text message with the keyboard phone about the fact you just learned
c4546e87a23ef2be753cf1bf2736c5e0,hey facebook call jack for me please,31 - 45,female,Hindi,Affluent,"Asian, South Asian or Asian American",9.535625,hey Facebook call Jack for me please
cf6c74ad741fca6e479b5a4643744549,wow what a plan to have a coffee together this evening i should go over there for sure,31 - 45,female,Urdu,Low,"Asian, South Asian or Asian American",9.5143125,wow what a plan to have a coffee together this evening I should go over there for sure
458c73526702b78d68b35eb2a8ec928f,hey facebook take ralph pictures on my mobile,31 - 45,male,English,Medium,Black or African American,9.492,hey Facebook take rough pictures on my mobile
4bb0e3750c8190e5dc26b18fef728498,the weather today isn't too bad it was pretty sunny but it's definitely cooling down so that's nice,23 - 30,female,English,Low,White,9.429,the weather today isn't too bad it was pretty sunny but it's definitely cooling down so that's nice
def94e31e2b6b308a63219a2cae688b6,hi there my name is x and i would like to talk mister y regarding my appointment tomorrow,31 - 45,female,Urdu,Low,"Asian, South Asian or Asian American",9.3863125,hi there my name is X and I would like to talk Mr why regarding my appointment tomorrow
ea760b86b960d4985a98ebc49b4e1462,hey facebook please call ann smith,31 - 45,female,Hindi,Affluent,"Asian, South Asian or Asian American",9.343625,hey Facebook please call Anne Smith
426033c58a0e6ae04a984657db841abc,hey facebook find taylor swift latest album on pandora,46 - 65,female,English,Low,"Hispanic, Latino, or Spanish",9.301,hey Facebook fine Taylor Swift latest album on Pandora
0a877b77f4181fcbf0849998ec6cd4d7,hey could you please search my playlist named favourite in spotify,31 - 45,female,Urdu,Low,"Asian, South Asian or Asian American",9.173,hey could you please search my playlist named favorite in a Spotify
edf146c54d8eb8ff67e2be12a1268c6d,text gloria and say omg you won't believe what happened today,23 - 30,female,English,Medium,"Hispanic, Latino, or Spanish",8.981,tax Gloria and say OMG you won't believe what happened today
325d4e06d22415ed0fc44ca8e6205696,i'm not looking for a help so can you please do that for someone who is in need,46 - 65,female,Urdu,Low,"Asian, South Asian or Asian American",8.84,I'm not looking for a help so can you please do that for someone who is in need
527f25d881a7608bb202ff03fa54f8a3,hi my name is xy and i would like to talk to doctor z regarding my new prescription,31 - 45,female,Urdu,Low,"Asian, South Asian or Asian American",8.8103125,hi my name is XY and I would like to talk to Dr Z regarding my new prescription
4d0b6157f5810d42740074012c0d2f03,hey facebook send a text message on messenger app to bola that i love her,18 - 22,male,Hindi,Low,Middle Eastern or North African,8.72,hey Facebook send a text message on messenger app to ba that I love her
f4cf3ede98a95c80eb926056c52d4bdc,hey facebook go back rewind play this song  again play again,46 - 65,male,English,Medium,"Native American, American Indian, or Alaska Native",8.6141875,hey Facebook go back rewind play this song again play again
ddf781555dac932d377e7468a2989d2a,hey i would like to search a song on pandora station can you please search this song for me,31 - 45,female,Urdu,Low,"Asian, South Asian or Asian American",8.597,hey I would like to search a song on Pandora station can you please search this song for me
9ed990473c6f8584687a5c45c308c6c7,hey could you please find a song sing by arijit singh on pandora,31 - 45,female,Urdu,Low,"Asian, South Asian or Asian American",8.511625,hey could you please find a song sing by Aji sing on Pandora
348e8f5cc6418bbb05a73d1922d044b4,send a message to monty saying omg you're not gonna believe what i just went through,18 - 22,male,English,Low,White,8.44,send a message to Monty saying OMG you're not going to believe what I just went through
0d7f5139e3702e31596784699b762c8f,so take a turn and then the first left is the exact location,46 - 65,female,Urdu,Low,"Asian, South Asian or Asian American",8.32,so take a turn and then the first left is the exact location
5873746ecfcfb7e9dbb8905e49d218d0,play some songs by harry styles for me,31 - 45,female,Hindi,Affluent,"Asian, South Asian or Asian American",8.277,play some songs by Harry Styles for me
3db24b1a561f16fcfb463b75bc6320bb,let's finish this session here today i hope to talk to you all very soon thank you,31 - 45,female,Urdu,Low,"Asian, South Asian or Asian American",8.255625,let's finish this session here today I hope to talk to you all very soon thank you
762c5c2aef1baf6e7ca23305fb150892,hey facebook set my whatsapp status to available,46 - 65,female,English,Low,White,8.213,hey Facebook set my WhatsApp status to available
530e6ea3ba8be05bdaeba615550a8520,send message to my friend turn by your right you will see me standing by the door,18 - 22,male,Hindi,Low,"Asian, South Asian or Asian American",8.2,send message to my friend turned by your rights you will see me standing by the door
31425b3c73b2d693a8265f4771bcb150,send send a text message to bablu i am going to your house to have the coffee,18 - 22,male,Hindi,Low,Middle Eastern or North African,8.12,send send a text message to bablu I'm going to your house to have the coffee
321ec505c61e1c87a7695c25a401e534,hey since long time i didn't go for pandora station could you please search it for me now,31 - 45,female,Urdu,Low,"Asian, South Asian or Asian American",8.085,hey since long time I didn't go for Pandora station could you please search it for me now
f27f297d574366d57b684f816b265468,send message to my sister i'm at the front seat i can't find you,18 - 22,male,Hindi,Low,"Asian, South Asian or Asian American",8.04,send message to my sister I'm at the front seats I can't find you
c808ebc5285245dce8a9c2146014be96,oh my god the graduation is very difficult,31 - 45,female,Hindi,Affluent,"Asian, South Asian or Asian American",8.021,oh my God the graduation is very difficult
c0048128bc976657cf84d2a01c1768da,hey is kids are ok how they are doing,31 - 45,female,Hindi,Affluent,"Asian, South Asian or Asian American",8.021,hey is scheduled okay how they are doing
c9ea14eb80cea001efd231fae8824a5f,hey facebook skip incoming text and respond we'll call you back,46 - 65,male,Urdu,Affluent,"Asian, South Asian or Asian American",7.9783125,hey Facebook keep incoming text and respond we'll call you back
c2a1c41b3902e9d85fca52a51a650e59,send message to my friend i'm already waiting for you at the top of the house,18 - 22,male,Hindi,Low,"Asian, South Asian or Asian American",7.96,send message to my friend I'm already waiting for you at the top of the house
53644042fd24ad2c7ffa64d5ec3f8932,hello everyone welcome to my session i hope you all are doing very well,31 - 45,female,Urdu,Low,"Asian, South Asian or Asian American",7.957,hello everyone welcome to my session I hope you all are doing very well
35c5073d3dd5ae19a70bcb7ae762ea48,reply to mom could you please pick up some bread for me while you're out i am still at work,18 - 22,male,English,Low,White,7.957,reply to Mom could you please pick up some bread for me while you're out I am still at work
a0e3def14c9686d7bf0396f3ca5b583d,reply to becky i'm playing basketball and it's think making me think about kenny,31 - 45,male,English,Low,"Native American, American Indian, or Alaska Native",7.92,replied to Becky I'm playing basketball and it's think making me think about Kenny
8222a110b89fb88aed53862866e772e6,i'm on my way to pick you up expect to be ready in about three minutes from now,46 - 65,male,Urdu,Affluent,"Asian, South Asian or Asian American",7.871625,I'm on my way to pick you up expect to be ready in about 3 minutes from now
6ce9c54809f4d9eff2f4318fb3216116,send a message to priya that we are going there with my friends to surprise,18 - 22,male,Hindi,Low,Middle Eastern or North African,7.8,send a message to Priya that we are going there with my friends take surprise
c6a705414ffcb9cfc2d379a330e27c1a,hey facebook beat my close friend videos to my instagram story,23 - 30,male,English,Low,Black or African American,7.765,a Facebook bit my close friend videos to my Instagram story
ee1290540cced7079cee4b562e126987,hey do you like high phone volume or low phone volume,31 - 45,female,Urdu,Low,"Asian, South Asian or Asian American",7.7223125,hey do you like iPhone volume or low for phone volume
52322d9e521e79964b6e2cc88bc4aecc,send text message to aisha to meet me at the school dormitory,18 - 22,male,Hindi,Low,Middle Eastern or North African,7.68,send text message to Aisha to meet me at the school Dmitry
4cb617439540d5fcefbed2779dd4214b,send all messages from john adam,18 - 22,male,English,Low,White,7.68,send all messages from John Adam
fc419abf3562b08f38bf323f799761b0,can you play roar by katy perry,31 - 45,female,Hindi,Affluent,"Asian, South Asian or Asian American",7.615625,can you play Roar by Katy Perry
70070b0ff999a4c8e88209d0ba5e86f1,hey facebook the achievers group just sent a message right now can you please read,31 - 45,male,English,Low,Black or African American,7.551625,hey Facebook the Achievers group just sent a message right now can you please reach
ff47387314834b27112e8fdff77cfccc,hey facebook send a text to bola on messenger app can we go on a date,18 - 22,male,Hindi,Low,Middle Eastern or North African,7.48,hey Facebook send a text to ba on messenger app can we go on a date
49714b32171547e4d1efd2075f63965f,hey facebook open my camera and take this picture,31 - 45,male,English,Low,Black or African American,7.44,a Facebook open my camera and take this picture
11f7f2a81507f532a7bcaa7b26ad6a9e,hey facebook read message,31 - 45,female,English,Low,"Native American, American Indian, or Alaska Native",7.44,hey Facebook read message
7c0db31a4bcd4f3b88c048a4f6adb8bd,alright the show is about to start but i will text you when it is done,18 - 22,male,English,Medium,"Asian, South Asian or Asian American",7.36,all right uh the show is about to start but I will text you when it's done
fd38ff87a30dd2d31a3d088956ff62a3,this is the best conversation i've had so far to today bye bye,31 - 45,male,English,Medium,Black or African American,7.36,this is the best conversation I've had so far to today bye bye
d0748d5e1b4ac10f692e8b0142282898,text my wife what are the ingredients need for jollof rice,31 - 45,male,English,Affluent,Black or African American,7.32,text my wife what are the ingredient need for your love fries
2531068e5a2c69f51aa058973d764a9a,hey is there any song sung by neha kakkar on spotify,31 - 45,female,Urdu,Low,"Asian, South Asian or Asian American",7.317,hey is there any song sung by Niagara on Spotify
91c290621deb7a6d6a96c04057d6c999,hey facebook send the picture i took yesterday to david,31 - 45,female,English,Medium,"Native American, American Indian, or Alaska Native",7.28,hey Facebook send the picture I took yesterday to David
81600900ed346394a57f4bf9044e735d,pause the music right now,31 - 45,male,English,Medium,Black or African American,7.24,the music right now
2f1d2f60c3f916efde47b57e5d034575,hey facebook send message can't take your call right now we'll talk to you all later,46 - 65,male,Urdu,Affluent,"Asian, South Asian or Asian American",7.2103125,hey Facebook send message can't take your call right now we'll talk to you all later
1ec34c51f85c1f26f494c4c91b7f4ddf,hey facebook open the friends group in whatsapp,31 - 45,female,Hindi,Affluent,"Asian, South Asian or Asian American",7.167625,hey Facebook open the friends group in WhatsApp
e48098e230b796f76ee16327404807f3,second left and first right is where i'm located,46 - 65,female,Urdu,Low,"Asian, South Asian or Asian American",7.12,second left and first right is where I'm located
7acec5c565b991c28bd1f5f2a7fea17d,send a text message to rohit do you know you can open your eyes in the water,18 - 22,male,Hindi,Low,Middle Eastern or North African,7.08,send a text message to Rohit do you know you can open your eyes in the water
da9606ebfaacae41d0d658d5be93f6dd,hey facebook start a call with my church group,31 - 45,male,English,Medium,Black or African American,7.04,f is will start the call with my church group
912840b00b8e09801ed419d7dc973906,hey facebook send a message through the messenger app saying i'm in a meeting,46 - 65,male,Urdu,Affluent,"Asian, South Asian or Asian American",7.039625,hey Facebook send a message through the messenger app saying I'm in a meeting
2dbddd62809320671f12fac6f6c42e9f,hey facebook take picture now,46 - 65,female,English,Medium,"Native American, American Indian, or Alaska Native",7.039625,hey Facebook take picture now
6877e83633be766f4d3801fdd4c449cf,hey is your manager came today,31 - 45,female,Hindi,Affluent,"Asian, South Asian or Asian American",7.039625,hi is your manager came today
71bba6949e9458f58eb2c2c579e91bd5,i'll just go to the settings and put notifications on for the particular app,31 - 45,female,Urdu,Low,"Asian, South Asian or Asian American",6.975625,I will just go to the settings and put notifications on for the particular app
1e1fc8c71989d16d414a15b2749571e2,i heard the lady scream from across the street,23 - 30,female,English,Medium,"Native American, American Indian, or Alaska Native",6.96,I heard the lady scream from across the street
579861c76147321287e4cd9055a083a0,send a text message to priya i heard you are getting married next week,18 - 22,male,Hindi,Low,Middle Eastern or North African,6.92,send a text message to prayer I heard you are getting married next week
51d8dec6b801f3aa1ddfbdeb8582d078,hey facebook ignore incoming text and respond can i call you later,46 - 65,male,Urdu,Affluent,"Asian, South Asian or Asian American",6.869,hey Facebook ignore incoming text and respond can I call you later
825b674af0452a726e54bdf15ad465e1,hey facebook go to camera select video and take video,18 - 22,male,Hindi,Low,"Asian, South Asian or Asian American",6.84,a Facebook go to camera select video and take video
808150a0ec92dc8d7b8fff197ec34597,hey facebook ignore group text from my friend from facebook,18 - 22,male,Hindi,Low,"Asian, South Asian or Asian American",6.6,a Facebook ignore group text from my friend from Facebook
ddba6d26532b66d053903a2ec597f3e5,hey facebook change the delay to fifteen seconds for video,31 - 45,male,English,Low,Black or African American,6.485,Facebook changed the delay to 15 seconds of video
55a4279e5a914c32052b6da471b60cbf,send a text message to my friend i would love to visit the london bridge again,18 - 22,male,Hindi,Low,"Asian, South Asian or Asian American",6.44,send a text message to my friend I would love to visit the London Bridge again
36f2c59d341146b8aa748676bcc15adf,hey facebook send i love you to all marked contact,18 - 22,male,Hindi,Low,"Asian, South Asian or Asian American",6.4,hey Facebook send I love you to all marked contact
55de38c3a28d69f61c79d2a04608ccab,can you give me your exact location so that i can see you,46 - 65,female,Urdu,Low,"Asian, South Asian or Asian American",6.4,can you give me your exact location so that I can see you
94de88f8c3b191e6f213f5b9fec18511,hey facebook share stories with instagram contacts,46 - 65,male,Urdu,Affluent,"Asian, South Asian or Asian American",6.3783125,hey Facebook share stories with Instagram contacts
6ac5cd28a7a455d473c0ffbce6647c85,send text message to rohit do you know you can sing inside water,18 - 22,male,Hindi,Low,Middle Eastern or North African,6.36,send text message to Rohit do you know you can sing inside water
95dd5f609580625aedd7e36fe646f4e4,hey facebook open my phone call,31 - 45,female,Hindi,Affluent,"Asian, South Asian or Asian American",6.357,hey Facebook open my phone call
1ca36f3a2c145f0da65849bb05042296,can you help someone who is in need because i'm already done doing it,46 - 65,female,Urdu,Low,"Asian, South Asian or Asian American",6.32,can you help someone who is in need because I'm already done doing it
4959cd91124e3d17fa5567c82e907ba4,bye bye everyone see you all very soon thank you so much,31 - 45,female,Urdu,Low,"Asian, South Asian or Asian American",6.293,bye bye everyone see you all very soon thank you so much
f6f27109ed80a0301f15191a8b84f359,hey facebook show me my recent notification from my group chat on whatsapp,18 - 22,male,English,Medium,White,6.28,hey Facebook show me my recent notification from my group chat on WhatsApp
db41d1bfed039b298c8252c06b298465,search for back in black album by acdc,31 - 45,female,English,Low,White,6.207625,search for Back in Black Album by ACDC
56972575afaa67069497957fcdbe55ff,hey are you in relationship with anybody,31 - 45,female,Hindi,Affluent,"Asian, South Asian or Asian American",6.143625,hey are you relationship with anybody
74024dec524af5ac89890a9cdda501bd,send message to bombay you can buy him a new iphone,18 - 22,male,Hindi,Low,"Asian, South Asian or Asian American",6.12,send message to Bombay you can buy him a new iPhone
b1e1dcbc6c82eba5ff40d583220ed8c5,are you ok with the black lives matter protests,31 - 45,female,Hindi,Affluent,"Asian, South Asian or Asian American",6.079625,are you okay with black lives matter protests
5bacae30e07785e09bb7c2deb4c607fa,hey facebook show latest pop songs,46 - 65,male,Urdu,Affluent,"Asian, South Asian or Asian American",6.079625,hey Facebook show latest pop songs
b0a22f50e8cb10f0f481c2536d6ac4af,hey facebook take my picture in the next few minutes,31 - 45,male,English,Medium,Black or African American,6.04,in the next few minutes
b04672f71a02cd19f873af7370e7e60a,hey facebook share photo and instagram story with all close friends,46 - 65,male,Urdu,Affluent,"Asian, South Asian or Asian American",6.037,hey Facebook share photo and Instagram story with all close friends
8b19144f69899a019bc0fbadcdb2c569,if it's a girl start with the letter v,46 - 65,female,Urdu,Low,"Asian, South Asian or Asian American",6.0,if it's a girl start with the letter v
e4e980c399ba2cebb6ac36cf39b2e4d1,hey facebook please unmute my phone,46 - 65,female,English,Low,"Hispanic, Latino, or Spanish",5.9943125,hey Facebook please unmute my phone
83185bdac1cf2d82a166c50ae1be788c,search for best r and b playlist on spotify only,31 - 45,male,English,Medium,Black or African American,5.96,search for best R&B playlist on Spotify only
7081cf3a4c0f078d0720cbc3e29df944,hey facebook send this photo to my hubby,31 - 45,female,Hindi,Affluent,"Asian, South Asian or Asian American",5.951625,hey Facebook Send this photo to my hubby
bf5434e68f9f9f817bc702b732fd6994,hey facebook can you unmute my notifications,31 - 45,female,Hindi,Affluent,"Asian, South Asian or Asian American",5.9303125,hey Facebook can you unmute my notifications
98eb5ae088aaa77b616855180d836140,revisiting disneyland would always give you a joy,46 - 65,female,Urdu,Low,"Asian, South Asian or Asian American",5.92,revisiting Disneyland would always give you a joy
6e40b0d570e689e30339a5f98163c1bf,play the song emotion sickness,31 - 45,female,English,Affluent,Native Hawaiian or Other Pacific Islander,5.887625,Play the song emotion sickness
892e6ab764a7b68311e5a16e3eb95a3f,is everybody okay come home,31 - 45,female,Hindi,Affluent,"Asian, South Asian or Asian American",5.8663125,is everybody okay come home
7feba8decbb07b69744fc24707d0ccfa,take a right from the church beside the road,46 - 65,female,Urdu,Low,"Asian, South Asian or Asian American",5.84,take a right from the church beside the road
ff827d2ad0bcf0686cfd95000ed5e57a,hey facebook let's snap me a nice picture,31 - 45,male,English,Low,Black or African American,5.823625,hey Facebook click snap me a nice picture
c85bf892906e31ad92262273d02ad0ec,hey facebook please lower the volume of my smartwatch,31 - 45,male,English,Low,Black or African American,5.823625,a Facebook please lower the volume of my smart watch
3fcc7bb11e806d2f4de93add5c63c61f,stop the music right now,31 - 45,male,English,Medium,Black or African American,5.8,stop the music right now
3289ad70bea70356d8fd25088b9c1339,take the next left to kingwest avenue,18 - 22,male,English,Affluent,Middle Eastern or North African,5.758125,took the nest left to King West Avenue
f9e484f64b995a786545085e02fdd88d,hey facebook this is the way to start a call by first and last name hey hailey sarabi,18 - 22,male,English,Low,"Native American, American Indian, or Alaska Native",5.7383125,hey Facebook this is the way to start a call by first and last name hey Haley sowerby
d0b9bbed819a8583471df568833d0e70,hey facebook display all songs by eric clapton,46 - 65,male,Urdu,Affluent,"Asian, South Asian or Asian American",5.7383125,hey Facebook display all songs by Eric Clapton
2f2217ea9d5e423d08724c9e213b8923,hey facebook go back to the beginning of the song,31 - 45,female,Hindi,Affluent,"Asian, South Asian or Asian American",5.631625,hey Facebook go back to the beginning of the song
bc6afd64d9303b27540e731cb6e4a8ee,hey facebook ignore text from babu,18 - 22,male,Hindi,Low,"Asian, South Asian or Asian American",5.6,a Facebook ignore texts from Babu
e59f2f1dd21cf83d0bead55d35318104,hey send message to claire how was that concert,31 - 45,female,English,Low,"Native American, American Indian, or Alaska Native",5.595625,hey send message to Claire how was that concert
5d0a751ed971319453fea11129d1c25b,send message what a great idea i'll meet you at the shopping mall at nine am,31 - 45,female,Hindi,Affluent,"Asian, South Asian or Asian American",5.589,send message what a great idea I'll meet you at the shopping mall at 9:00 a.m.
f5d5179787c608c79ba3e241fe41f0e9,please don't put this current song on my favorite list,18 - 22,male,Hindi,Low,"Asian, South Asian or Asian American",5.56,please don't put this current song on my favorite list
e38dd718c5c0712f3d00593045fef157,hey facebook end the call,31 - 45,female,English,Low,Black or African American,5.56,hey Facebook and the call
12b5f58763514af122d1765b5e6728f0,text david did you know putin is hiding in his forest palace,31 - 45,female,Hindi,Affluent,"Asian, South Asian or Asian American",5.525,text David did you know Putin is hiding in his Forest Palace
8b22e479f4b8c8192340fdf91469fb06,send message awesome i'll see you tomorrow at noon have a good night,23 - 30,female,English,Low,"Hispanic, Latino, or Spanish",5.52,send message awesome I'll see you tomorrow at noon have a good night
2558f0eb69c19f64b9cdb3f118e66aad,hey facebook play my most recent spotify playlist,23 - 30,female,English,Affluent,"Native American, American Indian, or Alaska Native",5.503625,hey Facebook play my most recent Spotify playlist
c0666d3372df48c34210fed28ad8cf68,open pandora and play jay-z,31 - 45,male,English,Low,"Native American, American Indian, or Alaska Native",5.5,open Pandora and play Jay-Z
f1c12ff63fe22299e1e5aba86a237857,hey facebook call dad,31 - 45,female,English,Medium,White,5.4823125,hey Facebook call Dad
1f7af4d6e8d920ba8cdc8b2223fd8e96,play twenty one pilots radio using iheartradio station,23 - 30,female,English,Medium,"Native American, American Indian, or Alaska Native",5.4823125,play 21 pilots radio using iHeart radio station
b5fe48b8671c59918bf53c03d4dc9f41,hey facebook do not autoread next text,31 - 45,female,English,Medium,"Asian, South Asian or Asian American",5.44,hey Facebook do not Auto read next text
c2fe754fe25f9b47d87f33df577071e0,i can't find the bedsheet any more can you tell me the location,31 - 45,male,English,Low,Black or African American,5.439625,I can't find the best shoot anymore can you tell me the location
42550b277588f59f7c26b65015e27589,hey facebook post picture to story to close friends on instagram,31 - 45,female,Hindi,Affluent,"Asian, South Asian or Asian American",5.439625,hey Facebook post picture to story to close friends on Instagram
f1fa04b1e9249b155f66d3342eca7968,hey facebook can add person three to a conference call,46 - 65,male,Urdu,Affluent,"Asian, South Asian or Asian American",5.397,her Facebook connect person 3 to a conference call
824c475d50c2c4665d8b17ca9d16e1b2,hey facebook go to camera and take my photo,18 - 22,male,Hindi,Low,"Asian, South Asian or Asian American",5.36,a Facebook group to camera and take my photo
a5d1355fc0200e12fbf0a3d8d838f74b,hey facebook change online status to unavailable,18 - 22,male,Hindi,Low,"Asian, South Asian or Asian American",5.28,a Facebook change online status to unavailable
32af9286a9df4e62eb58347f5f5c60a2,text abby i will be there in three minutes,31 - 45,male,English,Medium,Black or African American,5.247625,text Abby I will be there in 3 minutes
17ed1d07af25637d088b02c6fa806a66,hey facebook go to recording and start the record,18 - 22,male,Hindi,Low,"Asian, South Asian or Asian American",5.24,a Facebook go to recording and start the record
76395fbbf5504aef6441210b3cacf5fd,hey facebook pause the music,31 - 45,female,Hindi,Affluent,"Asian, South Asian or Asian American",5.205,hey Facebook pause the music
878eb3e8631efe7304a4a0f9e86353ea,hey do you wanna meet us at the coffee shop at three,46 - 65,female,English,Low,White,5.2,hey do you want to meet us at the coffee shop at 3
84119f4d1f4996e03881c4b7055f8e40,what are the chances that's so crazy that you even ran into him,31 - 45,female,English,Low,"Asian, South Asian or Asian American",5.2,what are the chances that's so crazy that you even ran into him
9a84462284159ccc362616be3c1c8229,okay he is coming to my house today this evening,31 - 45,female,Urdu,Low,"Asian, South Asian or Asian American",5.183625,okay he's coming to my house today this evening
fa3e8d938107f16f403a377dc0291411,hi you are very handsome,31 - 45,female,Hindi,Affluent,"Asian, South Asian or Asian American",5.183625,hi you are very handsome
dba51e8802848ca3e98a97902a3f976c,hey facebook send this photo to my love,31 - 45,female,Hindi,Affluent,"Asian, South Asian or Asian American",5.1623125,hey Facebook Send this photo to my love
00e82b06c6f51bf86749b9b0d71fe710,reply that sounds great i will see you tomorrow morning at the gym,31 - 45,female,Hindi,Affluent,"Asian, South Asian or Asian American",5.1623125,reply that sounds great I will see you tomorrow morning at the gym
9349936546b47472c044b76fe8a7d9e4,hey facebook please end this call,31 - 45,male,English,Medium,White,5.1623125,hey Facebook please end this call
d536f938fb919e3c964fbb60993adcf4,hey facebook can you stop the video record,31 - 45,male,English,Medium,Black or African American,5.12,hey Facebook can you stop the video record
afe0bf79238e93720fbb791ef8f01d2f,please resume the current music,18 - 22,male,Hindi,Low,"Asian, South Asian or Asian American",5.12,please resume the current music
c45d1e0380f7221da320d1e5ddf9f928,hey facebook put me online right away,18 - 22,male,Hindi,Low,"Asian, South Asian or Asian American",5.12,a Facebook put me online right away
1714411277e47565f6da8fc346993031,hey facebook add person two to this call,46 - 65,male,Urdu,Affluent,"Asian, South Asian or Asian American",5.119625,hey Facebook ad person 2 to this call
3f0a05759a8451945224812c37d124ca,hey facebook call rohit on whatsapp call,18 - 22,male,Hindi,Low,Middle Eastern or North African,5.08,f Facebook call Rohit on WhatsApp call
8e5ca785065a1600ec263f973d0de938,hey facebook go to camera and take pictures,18 - 22,male,Hindi,Low,Middle Eastern or North African,5.08,a Facebook go to camera and take pictures
0333daa1e85e77dcc8f018ccf84821f3,hey facebook start recording video in five,46 - 65,female,Urdu,Low,"Asian, South Asian or Asian American",5.08,hey Facebook start recording video in 5
06895449c4e5382951177203a6fe83ca,hey facebook call priya on messenger app,18 - 22,male,Hindi,Low,Middle Eastern or North African,5.04,a Facebook call Priya or messenger
687a5256731e060331d86431adc09306,hey facebook increase volume,46 - 65,female,Urdu,Low,"Asian, South Asian or Asian American",5.04,her first book increase volume
29c3fc27fe0d4817eca084e0e0ba7080,if it's a boy can you start with the letter t,46 - 65,female,Urdu,Low,"Asian, South Asian or Asian American",5.0,if it's a boy can you start with the letter t
cbcbdfd4bacd2afd53d97e768acf6c43,send text message to rohit to come and meet me in the class,18 - 22,male,Hindi,Low,Middle Eastern or North African,5.0,send text message to Rohit to come and meet me in the class
3eb6ddcb048e005ae6ffcf6da59ad923,hey facebook message the book club that that tomorrow's meeting is canceled,31 - 45,female,English,Low,"Asian, South Asian or Asian American",5.0,hey Facebook messaged the book club that the tomorrow's meeting is canceled
786162c701cdb936561e6fe06bef343e,hey facebook unmute my smartwatch,31 - 45,male,English,Low,Black or African American,5.0,hi Facebook on mute my SmartWatch
93635deaab5567bf84e38fa686a2b461,hey facebook send this video to my friend,31 - 45,female,Hindi,Affluent,"Asian, South Asian or Asian American",4.991625,hey Facebook send this video to my friend
017f2210ce80a8e89532d1f4dae527b3,text danny asking where did you purchase your last concert tickets,31 - 45,female,English,Medium,"Native American, American Indian, or Alaska Native",4.991625,text Danny asking where did you purchase your last concert tickets
e8002d9da51605b7b5160722f8524272,stop the music,31 - 45,male,English,Low,Black or African American,4.9703125,stopped music
3fbb465523733a2abb3a4442994c7f1f,hey facebook set online status available,46 - 65,female,Urdu,Low,"Asian, South Asian or Asian American",4.96,hey Facebook set online status available
fbb7539cd05190b3f21d55b36c507a9e,hey facebook go to camera and take picture,18 - 22,male,Hindi,Low,"Asian, South Asian or Asian American",4.96,a Facebook go to camera and take picture
731acea64081f3426951f86703555b2c,hey facebook go to camera and snap picture,18 - 22,male,Hindi,Low,Middle Eastern or North African,4.96,a Facebook go to camera and snap picture
40b5d277295280f08fcccddb269d142f,reply yes it's so amazing we just bought our first home,31 - 45,female,Hindi,Affluent,"Asian, South Asian or Asian American",4.949,reply yes it's so amazing we just bought our first home
cab41b9b8e10da9d5b44412871aca8b1,hey facebook go to next song,46 - 65,male,Urdu,Affluent,"Asian, South Asian or Asian American",4.927625,hey Facebook go to next song
1f62f2e30adcefa538bad4121422931f,video call ryan,46 - 65,female,English,Low,White,4.92,video call Ryan
77ee66f8766dd80e0887486d1b3bf05c,send text message i would love to visit doha again,18 - 22,male,Hindi,Low,"Asian, South Asian or Asian American",4.92,send text message I would love to visit DHA again
5bacf8508fa01200cb8f03bfed18a35b,hey facebook switch to available,46 - 65,female,English,Medium,White,4.899,hey Facebook switch to available
b3bafd3361f479fbbebca811f108b2ff,hey facebook how can i mute my notification,18 - 22,male,Hindi,Low,Middle Eastern or North African,4.88,a Facebook how can I mute my notification
868d0afe172de42782cf356fd807fca1,hey facebook add friend one to current call,46 - 65,male,Urdu,Affluent,"Asian, South Asian or Asian American",4.863625,hey Facebook add friend want to current call
9a72a9eb8756e916d469f3af5573965a,hey facebook set whatsapp status to online,31 - 45,female,Hindi,Affluent,"Asian, South Asian or Asian American",4.8423125,hey Facebook set WhatsApp status to online
7c3ccf9022ee201b7f8c91ea1e130d71,hey facebook share video through gmail,46 - 65,male,Urdu,Affluent,"Asian, South Asian or Asian American",4.8423125,hey Facebook share video through Gmail
41a3a22448df681f56ecbf50968df03b,hey facebook please mute my announcements,18 - 22,male,Hindi,Low,Middle Eastern or North African,4.84,hey Facebook please mute my announcements
51c33e92283ca2e4392d7f807b2f4f81,add this song to my playlist,46 - 65,female,Urdu,Low,"Asian, South Asian or Asian American",4.84,add this song to my playlist
22fe008aba6d3e7d26d65fbecfaa51a5,i would always like to visit the waterfalls in atlanta,46 - 65,female,Urdu,Low,"Asian, South Asian or Asian American",4.84,I would always like to visit the waterfalls in Atlanta
0f8dee1af8b0b1ee1159285ae167e19c,hey facebook pause the music,31 - 45,male,English,Medium,Black or African American,4.84,Facebook post the music
ab9bad6d346f0c58614c41bff2a3955f,hey facebook go to camera and snap picture,18 - 22,male,Hindi,Low,Middle Eastern or North African,4.84,a Facebook go to camera and snap picture
2529cee9d1dcf201a66bac5c2c45ef17,get all the birthday gifts from macy's,46 - 65,female,Urdu,Low,"Asian, South Asian or Asian American",4.8,get all the birthday gifts from Macy's
261fb7c4165fd9336601fae972a8fe61,hey facebook delete the conversation from the group,46 - 65,female,Urdu,Low,"Asian, South Asian or Asian American",4.8,hey Facebook delete the conversation from the group
3336c750afb4e08be2d4a4059f5c39a7,hey facebook unmute smartwatch,18 - 22,male,English,Low,White,4.799625,hey Facebook unmute smartwatch
b7159b69584ed58c1e3d14dc1cf79095,hey facebook open the messenger app,31 - 45,female,Hindi,Affluent,"Asian, South Asian or Asian American",4.7783125,hey Facebook open the messenger app
c0ac81eb3117bb1ae01c019800976cb0,hey facebook can you erase this video,18 - 22,male,English,Low,White,4.735625,hey Facebook can you erase this video
8a22dda286a4a72ada0cb1b2c53fc308,hey facebook set status to unavailable,46 - 65,female,Urdu,Low,"Asian, South Asian or Asian American",4.72,your Facebook set status to unavailable
fe56b9c184e7d9aca7f7f20365caa15b,hey facebook make a screenshot,46 - 65,male,English,Low,White,4.693,hey Facebook make a screenshot
a7b9ef9c2b71b1a9c10660feac479aed,hey facebook call rohit on messenger app,18 - 22,male,Hindi,Low,Middle Eastern or North African,4.68,a Facebook call Rohit on messenger hub
57d0a15cf2754612cc7fc1f42d076a28,hey facebook take a picture,31 - 45,female,English,Medium,"Asian, South Asian or Asian American",4.68,hey Facebook take a picture
80154605a95753005037421076bab0b0,hey facebook stop notifications from the group,46 - 65,female,Urdu,Low,"Asian, South Asian or Asian American",4.64,hey Facebook stop notifications from the group
a3577307149614da872416d08a0cf317,does this toy make a good birthday gift,46 - 65,female,Urdu,Low,"Asian, South Asian or Asian American",4.6,does this toy make a good birthday gift
6f55eb6e40885798da6f9c54254afd6f,favorite tv show is about to start i will text you afterwards,31 - 45,female,English,Medium,White,4.5863125,favorite TV show is about to start I will text you afterwards
ac47ddc01337e288c397bdcb03aecc8b,hey now i want pandora station,31 - 45,female,Urdu,Low,"Asian, South Asian or Asian American",4.5863125,hey now I want Pandora station
23ac5e8b4f92c31f32af81f58d35862b,second by gwen,31 - 45,male,English,Low,Black or African American,4.565,seeking by going
5699242804b7856dd2be333128378080,hey facebook ignore tom's message,46 - 65,female,Urdu,Low,"Asian, South Asian or Asian American",4.56,hey Facebook ignore Tom's message
42ea4dd7e05f7dcefc43892fe706b70d,hey facebook stop the songs,31 - 45,female,Hindi,Affluent,"Asian, South Asian or Asian American",4.5223125,hey Facebook stop the songs
4a2ed258c148862803472c859eb8703b,hey facebook increase volume to ten,46 - 65,female,Urdu,Low,"Asian, South Asian or Asian American",4.52,hey Facebook increase volume to 10
8bc690b3d537f07f47766f7bc930074d,hey facebook call rohan on messenger app,18 - 22,male,Hindi,Low,Middle Eastern or North African,4.52,a Facebook call Rohan on messenger hub
564d657b2b2de6c3cd91ff87dc41f1a2,let's get together to plan this surprise birthday party,31 - 45,female,Hindi,Affluent,"Asian, South Asian or Asian American",4.479625,let's get together to plan this surprise birthday party
9c76534b9909caa56bbbc2513ddabf46,reply to ashley do you wanna come over and hang out,18 - 22,female,English,Low,"Hispanic, Latino, or Spanish",4.479625,reply to Ashley do you want to come over and hang out
d123a589b0d4615f30e16e3604432b4f,add this to my liked songs,23 - 30,female,English,Low,"Native American, American Indian, or Alaska Native",4.479625,add this to my liked songs
66152e5d831aa643427e3f7bed12509a,hey facebook ready camera on,46 - 65,female,Urdu,Low,"Asian, South Asian or Asian American",4.44,your Facebook ready camera on
6fb5f4738e44354e9f0418bf4f38beda,hey facebook unmute my notifications,18 - 22,male,Hindi,Low,"Asian, South Asian or Asian American",4.4,a Facebook unmute my notifications
6896d5e50f503530c0ba2fee6508ee15,search drake album scorpion,18 - 22,male,Hindi,Low,Middle Eastern or North African,4.36,such Drake album scorpion
60e537c445682cecd1028a7b9a2c21e2,who is the singer of this song,31 - 45,female,Hindi,Affluent,"Asian, South Asian or Asian American",4.3303125,who is the singer of this song
e4013f8f9ae6859da885f8589ad44521,hey facebook call rohan on my phone,18 - 22,male,Hindi,Low,Middle Eastern or North African,4.32,f Facebook call Rohan on my phone
cac5e1e721591078e0c4b35611714e8b,hey facebook unmute notifications,31 - 45,male,English,Low,Black or African American,4.309,hey Facebook unmute notifications
51fb8f271758130de3f8a471ba90bc38,hey i'm missing you,31 - 45,female,Hindi,Affluent,"Asian, South Asian or Asian American",4.287625,hey I'm missing you
5d967dcb6cd78e28ac98634a8ebe1efb,letting you know that i'm on my way see you soon,46 - 65,male,Urdu,Affluent,"Asian, South Asian or Asian American",4.245,letting you know that I'm on my way see you soon
3f9697068ba57b9432caa8f7ad877e77,i like this song very much,31 - 45,female,Hindi,Affluent,"Asian, South Asian or Asian American",4.2023125,I like this song very much
7131e408c9e8b3017edadff85b14666d,hey facebook put me online,18 - 22,male,Hindi,Low,"Asian, South Asian or Asian American",4.2,a Facebook put me online
d0f343decf9539aa0ce9926eaf231141,hey facebook show battery life,46 - 65,male,Urdu,Affluent,"Asian, South Asian or Asian American",4.181,hey Facebook show battery life
44784e541ed8d06b757a9dfb02a21ab2,hey facebook set status available,46 - 65,female,Urdu,Low,"Asian, South Asian or Asian American",4.16,your Facebook set status available
0c06232c3d9b875a6fbd21b82734a06d,hi how are you doing,31 - 45,female,Hindi,Affluent,"Asian, South Asian or Asian American",4.117,Hi how are you doing
62ef0c226416bcc799be1b64ecb4f2de,hey facebook click camera when ready,46 - 65,female,Urdu,Low,"Asian, South Asian or Asian American",4.08,hey Facebook click camera when ready
8423735711a88c50e9dffe055e296e25,hey facebook show me online,31 - 45,female,Hindi,Affluent,"Asian, South Asian or Asian American",4.053,hey Facebook show me online
b230528a3c731536257aae5c1a53dc1c,hey facebook video on,46 - 65,female,Urdu,Low,"Asian, South Asian or Asian American",4.04,hey Facebook video on
89c9535a23b946be1f68e9272aab5cf6,search for best chinese restaurant near me,46 - 65,male,Urdu,Affluent,"Asian, South Asian or Asian American",4.031625,search for best Chinese restaurant near me
4f455e4e133adcf1587f57824505becc,let's hook up by two o'clock at the feed,31 - 45,male,English,Medium,Native Hawaiian or Other Pacific Islander,4.0161875,let's look up by 2:00 at the feed
9a64bd5293c52a2a5288230e7594be65,hey facebook take a picture of me,31 - 45,female,English,Medium,"Asian, South Asian or Asian American",4.0,hey Facebook take a picture of me
59c9df8a64db7d8cfd2b79e197676e99,text my dad that i'm headed there now,18 - 22,male,English,Low,White,3.967625,text my dad that I'm headed there now
c8672c7ec4d916f08a3e04a7d80199da,text to group chat i need advice y'all,18 - 22,female,English,Low,"Native American, American Indian, or Alaska Native",3.967625,text the group chat I need advice y'all
68b7eb99131b8eae56927605c73670c6,hey facebook say i'm online,31 - 45,female,Hindi,Affluent,"Asian, South Asian or Asian American",3.8823125,hey Facebook say I'm online
64b98454fa5a7d7fcd3cb539d5095a65,hey facebook record video,46 - 65,female,Urdu,Low,"Asian, South Asian or Asian American",3.88,hey Facebook record video
f1c1bb921806e1b1049f135b22886771,hey facebook put me online,18 - 22,male,Hindi,Low,"Asian, South Asian or Asian American",3.84,a Facebook puts me online
6d07cb16c38a7b151b2dd9caff051c97,is everything okay today,31 - 45,female,Hindi,Affluent,"Asian, South Asian or Asian American",3.8183125,is everything okay today
b97bfa84e3432c593fedbeb7e8a2d9d5,hey facebook play the next song,46 - 65,male,Urdu,Affluent,"Asian, South Asian or Asian American",3.8183125,hey Facebook play the next song
f54ac87bff0a88d28ea1bcd66b4d7faf,hey facebook turn on notifications,18 - 22,male,English,Low,White,3.797,hey Facebook turn on notifications
3670dca9262e786d35db52c5c0be20ae,play iheartradio,46 - 65,male,Urdu,Affluent,"Asian, South Asian or Asian American",3.797,Play I Heart Radio
b228dbcde603517364bd17e4181efb47,hey facebook answer my call,31 - 45,female,Hindi,Affluent,"Asian, South Asian or Asian American",3.797,hey Facebook answer my call
2791d867655d0bc6badaa3f590462432,hey facebook turn on notifications,31 - 45,female,Hindi,Affluent,"Asian, South Asian or Asian American",3.775625,hey Facebook turn on notifications
3e6d3eb0870c5b17e601c87e109612e5,save this song to my playlist,31 - 45,female,Hindi,Affluent,"Asian, South Asian or Asian American",3.733,save this song to my playlist
8f5b0faf55a9a4dd1df352570b74c82d,delete from the playlist,46 - 65,female,Urdu,Low,"Asian, South Asian or Asian American",3.72,delete from the playlist
eae60791166fbcd4cb60c835a7cd417e,hey facebook go to next thread,31 - 45,female,Hindi,Affluent,"Asian, South Asian or Asian American",3.669,hey Facebook go to next thread
08e6b5e9ca522509c8a7eee01fb33e43,play spotify playlist number two,18 - 22,male,English,Low,White,3.6263125,play Spotify playlist number 2
63b5bab8832b769f20c30163214ce7a3,hey facebook i'd like my meditation playlist in spotify please,31 - 45,female,English,Medium,"Asian, South Asian or Asian American",3.6066875,hey Facebook I'd like my meditation playlist in Spotify please
c4d60d87fc425d283f8d3d8703ce73b4,remove song from playlist,31 - 45,female,Hindi,Affluent,"Asian, South Asian or Asian American",3.605,remove song from playlist
736a04654eee299a888b4bc3588422d8,hey facebook mute all notifications,46 - 65,male,English,Affluent,White,3.5623125,hey Facebook mute all notifications
af016ed35dfd24014c9ac6e952c49c40,display latest english movies,46 - 65,male,Urdu,Affluent,"Asian, South Asian or Asian American",3.5623125,display latest English movies
be88c14aa1fe41e836fa536375ef86ac,hey can you turn off the music,18 - 22,female,English,Low,"Asian, South Asian or Asian American",3.519625,hey can you turn off the music
028b73b6908313527ffe9058d029894e,show all local iheartradio stations,46 - 65,male,Urdu,Affluent,"Asian, South Asian or Asian American",3.4983125,sure local I had radio stations
fe37b1a9ee29efc9aaa3dbe68ab64106,please stop the current music,18 - 22,male,Hindi,Low,"Asian, South Asian or Asian American",3.44,please stop the current music
2ffbc79ebefef7d37a491c83e53662a1,hey facebook i wanna get a picture,31 - 45,male,English,Affluent,"Native American, American Indian, or Alaska Native",3.44,hey Facebook I want to get a picture
afa05362150d63cbfb86463d1ce7398e,search anyone,18 - 22,male,Hindi,Low,Middle Eastern or North African,3.44,such anyone
c9d977837366c90c5f7350a83607fe79,hey facebook pick up call,31 - 45,female,Hindi,Affluent,"Asian, South Asian or Asian American",3.413,hey Facebook pick up call
b3fcff57ce283f316dfc518f62daac4c,please search hello,18 - 22,male,Hindi,Low,Middle Eastern or North African,3.4,please search hello
916c5e26db3a8f3a06c2eb89030bf824,hey facebook toggle video,46 - 65,male,Urdu,Affluent,"Asian, South Asian or Asian American",3.391625,hey Facebook toggle video
957e22ea4d62de4ca6a86529fcd70575,shuffle playback,46 - 65,female,Urdu,Low,"Asian, South Asian or Asian American",3.16,Shuffle playback
2beb0326a57201fa932c9d3e58c74f82,save this song,46 - 65,female,Urdu,Low,"Asian, South Asian or Asian American",3.16,save this song
8e7154e798862ef820b3667b4c8546c5,like the song,46 - 65,female,Urdu,Low,"Asian, South Asian or Asian American",3.12,like the song
493f1148d9afff6cf3599cb35dd70b8b,resume music,46 - 65,female,Urdu,Low,"Asian, South Asian or Asian American",3.08,resume music
7381ffa6f9c03559d311c69a10b40942,stop playing,46 - 65,female,Urdu,Low,"Asian, South Asian or Asian American",3.08,stop playing
943e02c81634afdaf66465de2f8cfdea,pause the music,31 - 45,female,English,Medium,White,3.08,pause the music
63f32772868848fc54edf09931d281b3,hey facebook end call,18 - 22,female,English,Low,"Hispanic, Latino, or Spanish",2.8583125,hey Facebook and call
dbafbbb1c9f14572eec23326c6afb00a,hey facebook play back music,31 - 45,female,English,Low,"Native American, American Indian, or Alaska Native",2.72,hey Facebook playback music
2dbcc16d3b635b68d63ebcad70e43310,send a text message,18 - 22,male,English,Medium,White,1.92,sent a text message
